Workbook

Sheet Validity Result
A1: Correlations | G1: Correlations | N1: Correlations | U1: Correlations | AB1: Correlations | AH1: Correlations | AO1: Correlations | AV1: Correlations | BB1: Correlations | BH1: Correlations
C2: AF1 | D2: AF2 | E2: AF | I2: CCC1 | J2: CCC2 | K2: CCC3 | L2: CCC | P2: CC1 | Q2: CC2 | R2: CC3 | S2: CC | W2: PTIC1 | X2: PTIC2 | Y2: PTIC3 | Z2: PTIC | AD2: CDTE1 | AE2: CDTE2 | AF2: CDTE | AJ2: PTC1 | AK2: PTC2 | AL2: PTC3 | AM2: PTC | AQ2: RHM1 | AR2: RHM2 | AS2: RHM3 | AT2: RHM | AX2: CLC1 | AY2: CLC2 | AZ2: CLC | BD2: LDM1 | BE2: LDM2 | BF2: LDM | BJ2: PCS1 | BK2: PCS2 | BL2: PCS
A3: AF1 | B3: Pearson Correlation | C3: 1 | D3: 0,853** | E3: 0,965** | G3: CCC1 | H3: Pearson Correlation | I3: 1 | J3: 0,900** | K3: 0,767** | L3: 0,952** | N3: CC1 | O3: Pearson Correlation | P3: 1 | Q3: 0,290* | R3: 0,346* | S3: 0,678** | U3: PTIC1 | V3: Pearson Correlation | W3: 1 | X3: 0,579** | Y3: 0,579** | Z3: 0,861** | AB3: CDTE1 | AC3: Pearson Correlation | AD3: 1 | AE3: 0,708** | AF3: 0,930** | AH3: PTC1 | AI3: Pearson Correlation | AJ3: 1 | AK3: 0,691** | AL3: 0,660** | AM3: 0,856** | AO3: RHM1 | AP3: Pearson Correlation | AQ3: 1 | AR3: 0,725** | AS3: 0,350** | AT3: 0,835** | AV3: CLC1 | AW3: Pearson Correlation | AX3: 1 | AY3: 0,496** | AZ3: 0,855** | BB3: LDM1 | BC3: Pearson Correlation | BD3: 1 | BE3: 0,495** | BF3: 0,832** | BH3: PCS1 | BI3: Pearson Correlation | BJ3: 1 | BK3: 0,370** | BL3: 0,876**
B4: Sig. (2-tailed) | D4: 2.5883832e-16 | E4: 7.7488887e-32 | H4: Sig. (2-tailed) | J4: 1.9491674e-20 | K4: 1.2998911e-11 | L4: 2.0290924e-28 | O4: Sig. (2-tailed) | Q4: 0.033188764 | R4: 0.010287574 | S4: 1.7623273e-08 | V4: Sig. (2-tailed) | X4: 4.5427798e-06 | Y4: 4.4116806e-06 | Z4: 6.5898956e-17 | AC4: Sig. (2-tailed) | AE4: 2.1529194e-09 | AF4: 3.3426829e-24 | AI4: Sig. (2-tailed) | AK4: 7.1339695e-09 | AL4: 5.8133805e-08 | AM4: 1.4864716e-16 | AP4: Sig. (2-tailed) | AR4: 5.4552209e-10 | AS4: 0.0095382231 | AT4: 4.445902e-15 | AW4: Sig. (2-tailed) | AY4: 0.00013488093 | AZ4: 1.8691547e-16 | BC4: Sig. (2-tailed) | BE4: 0.00014168643 | BF4: 6.0746052e-15 | BI4: Sig. (2-tailed) | BK4: 0.0059127957 | BL4: 4.2683254e-18
B5: N | C5: 54 | D5: 54 | E5: 54 | H5: N | I5: 54 | J5: 54 | K5: 54 | L5: 54 | O5: N | P5: 54 | Q5: 54 | R5: 54 | S5: 54 | V5: N | W5: 54 | X5: 54 | Y5: 54 | Z5: 54 | AC5: N | AD5: 54 | AE5: 54 | AF5: 54 | AI5: N | AJ5: 54 | AK5: 54 | AL5: 54 | AM5: 54 | AP5: N | AQ5: 54 | AR5: 54 | AS5: 54 | AT5: 54 | AW5: N | AX5: 54 | AY5: 54 | AZ5: 54 | BC5: N | BD5: 54 | BE5: 54 | BF5: 54 | BI5: N | BJ5: 54 | BK5: 54 | BL5: 54
A6: AF2 | B6: Pearson Correlation | C6: 0,853** | D6: 1 | E6: 0,960** | G6: CCC2 | H6: Pearson Correlation | I6: 0,900** | J6: 1 | K6: 0,818** | L6: 0,967** | N6: CC2 | O6: Pearson Correlation | P6: 0,290* | Q6: 1 | R6: 0.18591859 | S6: 0,740** | U6: PTIC2 | V6: Pearson Correlation | W6: 0,579** | X6: 1 | Y6: 0,539** | Z6: 0,811** | AB6: CDTE2 | AC6: Pearson Correlation | AD6: 0,708** | AE6: 1 | AF6: 0,918** | AH6: PTC2 | AI6: Pearson Correlation | AJ6: 0,691** | AK6: 1 | AL6: 0,653** | AM6: 0,872** | AO6: RHM2 | AP6: Pearson Correlation | AQ6: 0,725** | AR6: 1 | AS6: 0,380** | AT6: 0,846** | AV6: CLC2 | AW6: Pearson Correlation | AX6: 0,496** | AY6: 1 | AZ6: 0,875** | BB6: LDM2 | BC6: Pearson Correlation | BD6: 0,495** | BE6: 1 | BF6: 0,894** | BH6: PCS2 | BI6: Pearson Correlation | BJ6: 0,370** | BK6: 1 | BL6: 0,772**
B7: Sig. (2-tailed) | C7: 2.5883832e-16 | E7: 1.7000207e-30 | H7: Sig. (2-tailed) | I7: 1.9491674e-20 | K7: 4.4157748e-14 | L7: 1.190067e-32 | O7: Sig. (2-tailed) | P7: 0.033188764 | R7: 0.17829661 | S7: 1.6049269e-10 | V7: Sig. (2-tailed) | W7: 4.5427798e-06 | Y7: 2.6514604e-05 | Z7: 1.0404483e-13 | AC7: Sig. (2-tailed) | AD7: 2.1529194e-09 | AF7: 1.4060833e-22 | AI7: Sig. (2-tailed) | AJ7: 7.1339695e-09 | AL7: 8.4778515e-08 | AM7: 9.5454101e-18 | AP7: Sig. (2-tailed) | AQ7: 5.4552209e-10 | AS7: 0.0046178763 | AT7: 8.2084642e-16 | AW7: Sig. (2-tailed) | AX7: 0.00013488093 | AZ7: 5.6920658e-18 | BC7: Sig. (2-tailed) | BD7: 0.00014168643 | BF7: 1.0188663e-19 | BI7: Sig. (2-tailed) | BJ7: 0.0059127957 | BL7: 8.1424227e-12
B8: N | C8: 54 | D8: 54 | E8: 54 | H8: N | I8: 54 | J8: 54 | K8: 54 | L8: 54 | O8: N | P8: 54 | Q8: 54 | R8: 54 | S8: 54 | V8: N | W8: 54 | X8: 54 | Y8: 54 | Z8: 54 | AC8: N | AD8: 54 | AE8: 54 | AF8: 54 | AI8: N | AJ8: 54 | AK8: 54 | AL8: 54 | AM8: 54 | AP8: N | AQ8: 54 | AR8: 54 | AS8: 54 | AT8: 54 | AW8: N | AX8: 54 | AY8: 54 | AZ8: 54 | BC8: N | BD8: 54 | BE8: 54 | BF8: 54 | BI8: N | BJ8: 54 | BK8: 54 | BL8: 54
A9: AF | B9: Pearson Correlation | C9: 0,965** | D9: 0,960** | E9: 1 | G9: CCC3 | H9: Pearson Correlation | I9: 0,767** | J9: 0,818** | K9: 1 | L9: 0,903** | N9: CC3 | O9: Pearson Correlation | P9: 0,346* | Q9: 0.18591859 | R9: 1 | S9: 0,721** | U9: PTIC3 | V9: Pearson Correlation | W9: 0,579** | X9: 0,539** | Y9: 1 | Z9: 0,853** | AB9: CDTE | AC9: Pearson Correlation | AD9: 0,930** | AE9: 0,918** | AF9: 1 | AH9: PTC3 | AI9: Pearson Correlation | AJ9: 0,660** | AK9: 0,653** | AL9: 1 | AM9: 0,910** | AO9: RHM3 | AP9: Pearson Correlation | AQ9: 0,350** | AR9: 0,380** | AS9: 1 | AT9: 0,747** | AV9: CLC | AW9: Pearson Correlation | AX9: 0,855** | AY9: 0,875** | AZ9: 1 | BB9: LDM | BC9: Pearson Correlation | BD9: 0,832** | BE9: 0,894** | BF9: 1 | BH9: PCS | BI9: Pearson Correlation | BJ9: 0,876** | BK9: 0,772** | BL9: 1
B10: Sig. (2-tailed) | C10: 7.7488887e-32 | D10: 1.7000207e-30 | H10: Sig. (2-tailed) | I10: 1.2998911e-11 | J10: 4.4157748e-14 | L10: 1.1310427e-20 | O10: Sig. (2-tailed) | P10: 0.010287574 | Q10: 0.17829661 | S10: 7.5582278e-10 | V10: Sig. (2-tailed) | W10: 4.4116806e-06 | X10: 2.6514604e-05 | Z10: 2.4429599e-16 | AC10: Sig. (2-tailed) | AD10: 3.3426829e-24 | AE10: 1.4060833e-22 | AI10: Sig. (2-tailed) | AJ10: 5.8133805e-08 | AK10: 8.4778515e-08 | AM10: 1.6716479e-21 | AP10: Sig. (2-tailed) | AQ10: 0.0095382231 | AR10: 0.0046178763 | AT10: 8.6617709e-11 | AW10: Sig. (2-tailed) | AX10: 1.8691547e-16 | AY10: 5.6920658e-18 | BC10: Sig. (2-tailed) | BD10: 6.0746052e-15 | BE10: 1.0188663e-19 | BI10: Sig. (2-tailed) | BJ10: 4.2683254e-18 | BK10: 8.1424227e-12
B11: N | C11: 54 | D11: 54 | E11: 54 | H11: N | I11: 54 | J11: 54 | K11: 54 | L11: 54 | O11: N | P11: 54 | Q11: 54 | R11: 54 | S11: 54 | V11: N | W11: 54 | X11: 54 | Y11: 54 | Z11: 54 | AC11: N | AD11: 54 | AE11: 54 | AF11: 54 | AI11: N | AJ11: 54 | AK11: 54 | AL11: 54 | AM11: 54 | AP11: N | AQ11: 54 | AR11: 54 | AS11: 54 | AT11: 54 | AW11: N | AX11: 54 | AY11: 54 | AZ11: 54 | BC11: N | BD11: 54 | BE11: 54 | BF11: 54 | BI11: N | BJ11: 54 | BK11: 54 | BL11: 54
A12: **. Correlation is significant at the 0.01 level (2-tailed). | G12: CCC | H12: Pearson Correlation | I12: 0,952** | J12: 0,967** | K12: 0,903** | L12: 1 | N12: CC | O12: Pearson Correlation | P12: 0,678** | Q12: 0,740** | R12: 0,721** | S12: 1 | U12: PTIC | V12: Pearson Correlation | W12: 0,861** | X12: 0,811** | Y12: 0,853** | Z12: 1 | AB12: **. Correlation is significant at the 0.01 level (2-tailed). | AH12: PTC | AI12: Pearson Correlation | AJ12: 0,856** | AK12: 0,872** | AL12: 0,910** | AM12: 1 | AO12: RHM | AP12: Pearson Correlation | AQ12: 0,835** | AR12: 0,846** | AS12: 0,747** | AT12: 1 | AV12: **. Correlation is significant at the 0.01 level (2-tailed). | BB12: **. Correlation is significant at the 0.01 level (2-tailed). | BH12: **. Correlation is significant at the 0.01 level (2-tailed).
H13: Sig. (2-tailed) | I13: 2.0290924e-28 | J13: 1.190067e-32 | K13: 1.1310427e-20 | O13: Sig. (2-tailed) | P13: 1.7623273e-08 | Q13: 1.6049269e-10 | R13: 7.5582278e-10 | V13: Sig. (2-tailed) | W13: 6.5898956e-17 | X13: 1.0404483e-13 | Y13: 2.4429599e-16 | AI13: Sig. (2-tailed) | AJ13: 1.4864716e-16 | AK13: 9.5454101e-18 | AL13: 1.6716479e-21 | AP13: Sig. (2-tailed) | AQ13: 4.445902e-15 | AR13: 8.2084642e-16 | AS13: 8.6617709e-11
H14: N | I14: 54 | J14: 54 | K14: 54 | L14: 54 | O14: N | P14: 54 | Q14: 54 | R14: 54 | S14: 54 | V14: N | W14: 54 | X14: 54 | Y14: 54 | Z14: 54 | AI14: N | AJ14: 54 | AK14: 54 | AL14: 54 | AM14: 54 | AP14: N | AQ14: 54 | AR14: 54 | AS14: 54 | AT14: 54
G15: **. Correlation is significant at the 0.01 level (2-tailed). | N15: *. Correlation is significant at the 0.05 level (2-tailed). | U15: **. Correlation is significant at the 0.01 level (2-tailed). | AH15: **. Correlation is significant at the 0.01 level (2-tailed). | AO15: **. Correlation is significant at the 0.01 level (2-tailed).
N16: **. Correlation is significant at the 0.01 level (2-tailed).

Sheet Validity Table
A1: Variabel | B1: Indikator | C1: Pearson | D1: p-value | E1: Keterangan | G1: Variabel | H1: Indikator | I1: Pearson | J1: p-value | K1: Keterangan | M1: Variabel | N1: Indikator | O1: Pearson | P1: p-value | Q1: Keterangan | S1: Variabel | T1: Indikator | U1: Pearson | V1: p-value | W1: Keterangan | Y1: Variabel | Z1: Indikator | AA1: Pearson | AB1: p-value | AC1: Keterangan | AE1: Variabel | AF1: Indikator | AG1: Pearson | AH1: p-value | AI1: Keterangan | AK1: Variabel | AL1: Indikator | AM1: Pearson | AN1: p-value | AO1: Keterangan | AQ1: Variabel | AR1: Indikator | AS1: Pearson | AT1: p-value | AU1: Keterangan | AW1: Variabel | AX1: Indikator | AY1: Pearson | AZ1: p-value | BA1: Keterangan | BC1: Variabel | BD1: Indikator | BE1: Pearson | BF1: p-value | BG1: Keterangan
A2: Adequate Funding | B2: {=INDEX('Validity Result'!A:A,3*ROW('Validity Table'!B1))} -> AF1 | C2: {=INDEX('Validity Result'!E:E,3*ROW('Validity Table'!B1))} -> 0,965** | D2: {=INDEX('Validity Result'!E:E,3*ROW('Validity Table'!B1)+1)} -> 7.7488887e-32 | E2: =IF(D2<0.05,"Valid","Tidak Valid") -> Valid | G2: Client’s Competence and Commitment | H2: {=INDEX('Validity Result'!G:G,3*ROW('Validity Table'!H1))} -> CCC1 | I2: {=INDEX('Validity Result'!L:L,3*ROW('Validity Table'!H1))} -> 0,952** | J2: {=INDEX('Validity Result'!L:L,3*ROW('Validity Table'!H1)+1)} -> 2.0290924e-28 | K2: =IF(J2<0.05,"Valid","Tidak Valid") -> Valid | M2: Contractor’s Competence | N2: {=INDEX('Validity Result'!N:N,3*ROW('Validity Table'!N1))} -> CC1 | O2: {=INDEX('Validity Result'!S:S,3*ROW('Validity Table'!N1))} -> 0,678** | P2: {=INDEX('Validity Result'!S:S,3*ROW('Validity Table'!N1)+1)} -> 1.7623273e-08 | Q2: =IF(P2<0.05,"Valid","Tidak Valid") -> Valid | S2: Project Team Integration and Communication | T2: {=INDEX('Validity Result'!U:U,3*ROW('Validity Table'!T1))} -> PTIC1 | U2: {=INDEX('Validity Result'!Z:Z,3*ROW('Validity Table'!T1))} -> 0,861** | V2: {=INDEX('Validity Result'!Z:Z,3*ROW('Validity Table'!T1)+1)} -> 6.5898956e-17 | W2: =IF(V2<0.05,"Valid","Tidak Valid") -> Valid | Y2: Consultant/ Design Team Expertise | Z2: {=INDEX('Validity Result'!AB:AB,3*ROW('Validity Table'!Z1))} -> CDTE1 | AA2: {=INDEX('Validity Result'!AF:AF,3*ROW('Validity Table'!Z1))} -> 0,930** | AB2: {=INDEX('Validity Result'!AF:AF,3*ROW('Validity Table'!Z1)+1)} -> 3.3426829e-24 | AC2: =IF(AB2<0.05,"Valid","Tidak Valid") -> Valid | AE2: Project Team Commitment | AF2: {=INDEX('Validity Result'!AH:AH,3*ROW('Validity Table'!AF1))} -> PTC1 | AG2: {=INDEX('Validity Result'!AM:AM,3*ROW('Validity Table'!AF1))} -> 0,856** | AH2: {=INDEX('Validity Result'!AM:AM,3*ROW('Validity Table'!AF1)+1)} -> 1.4864716e-16 | AI2: =IF(AH2<0.05,"Valid","Tidak Valid") -> Valid | AK2: Risk and Hindrance Management | AL2: {=INDEX('Validity Result'!AO:AO,3*ROW('Validity Table'!AL1))} -> RHM1 | AM2: {=INDEX('Validity Result'!AT:AT,3*ROW('Validity Table'!AL1))} -> 0,835** | AN2: {=INDEX('Validity Result'!AT:AT,3*ROW('Validity Table'!AL1)+1)} -> 4.445902e-15 | AO2: =IF(AN2<0.05,"Valid","Tidak Valid") -> Valid | AQ2: Contractual and Legal Clarity | AR2: {=INDEX('Validity Result'!AV:AV,3*ROW('Validity Table'!AR1))} -> CLC1 | AS2: {=INDEX('Validity Result'!AZ:AZ,3*ROW('Validity Table'!AR1))} -> 0,855** | AT2: {=INDEX('Validity Result'!AZ:AZ,3*ROW('Validity Table'!AR1)+1)} -> 1.8691547e-16 | AU2: =IF(AT2<0.05,"Valid","Tidak Valid") -> Valid | AW2: Leadership and Decision-Making | AX2: {=INDEX('Validity Result'!BB:BB,3*ROW('Validity Table'!AX1))} -> LDM1 | AY2: {=INDEX('Validity Result'!BF:BF,3*ROW('Validity Table'!AX1))} -> 0,832** | AZ2: {=INDEX('Validity Result'!BF:BF,3*ROW('Validity Table'!AX1)+1)} -> 6.0746052e-15 | BA2: =IF(AZ2<0.05,"Valid","Tidak Valid") -> Valid | BC2: Planning and Control System | BD2: {=INDEX('Validity Result'!BH:BH,3*ROW('Validity Table'!BD1))} -> PCS1 | BE2: {=INDEX('Validity Result'!BL:BL,3*ROW('Validity Table'!BD1))} -> 0,876** | BF2: {=INDEX('Validity Result'!BL:BL,3*ROW('Validity Table'!BD1)+1)} -> 4.2683254e-18 | BG2: =IF(BF2<0.05,"Valid","Tidak Valid") -> Valid
B3: {=INDEX('Validity Result'!A:A,3*ROW('Validity Table'!B2))} -> AF2 | C3: {=INDEX('Validity Result'!E:E,3*ROW('Validity Table'!B2))} -> 0,960** | D3: {=INDEX('Validity Result'!E:E,3*ROW('Validity Table'!B2)+1)} -> 1.7000207e-30 | E3: =IF(D3<0.05,"Valid","Tidak Valid") -> Valid | H3: {=INDEX('Validity Result'!G:G,3*ROW('Validity Table'!H2))} -> CCC2 | I3: {=INDEX('Validity Result'!L:L,3*ROW('Validity Table'!H2))} -> 0,967** | J3: {=INDEX('Validity Result'!L:L,3*ROW('Validity Table'!H2)+1)} -> 1.190067e-32 | K3: =IF(J3<0.05,"Valid","Tidak Valid") -> Valid | N3: {=INDEX('Validity Result'!N:N,3*ROW('Validity Table'!N2))} -> CC2 | O3: {=INDEX('Validity Result'!S:S,3*ROW('Validity Table'!N2))} -> 0,740** | P3: {=INDEX('Validity Result'!S:S,3*ROW('Validity Table'!N2)+1)} -> 1.6049269e-10 | Q3: =IF(P3<0.05,"Valid","Tidak Valid") -> Valid | T3: {=INDEX('Validity Result'!U:U,3*ROW('Validity Table'!T2))} -> PTIC2 | U3: {=INDEX('Validity Result'!Z:Z,3*ROW('Validity Table'!T2))} -> 0,811** | V3: {=INDEX('Validity Result'!Z:Z,3*ROW('Validity Table'!T2)+1)} -> 1.0404483e-13 | W3: =IF(V3<0.05,"Valid","Tidak Valid") -> Valid | Z3: {=INDEX('Validity Result'!AB:AB,3*ROW('Validity Table'!Z2))} -> CDTE2 | AA3: {=INDEX('Validity Result'!AF:AF,3*ROW('Validity Table'!Z2))} -> 0,918** | AB3: {=INDEX('Validity Result'!AF:AF,3*ROW('Validity Table'!Z2)+1)} -> 1.4060833e-22 | AC3: =IF(AB3<0.05,"Valid","Tidak Valid") -> Valid | AF3: {=INDEX('Validity Result'!AH:AH,3*ROW('Validity Table'!AF2))} -> PTC2 | AG3: {=INDEX('Validity Result'!AM:AM,3*ROW('Validity Table'!AF2))} -> 0,872** | AH3: {=INDEX('Validity Result'!AM:AM,3*ROW('Validity Table'!AF2)+1)} -> 9.5454101e-18 | AI3: =IF(AH3<0.05,"Valid","Tidak Valid") -> Valid | AL3: {=INDEX('Validity Result'!AO:AO,3*ROW('Validity Table'!AL2))} -> RHM2 | AM3: {=INDEX('Validity Result'!AT:AT,3*ROW('Validity Table'!AL2))} -> 0,846** | AN3: {=INDEX('Validity Result'!AT:AT,3*ROW('Validity Table'!AL2)+1)} -> 8.2084642e-16 | AO3: =IF(AN3<0.05,"Valid","Tidak Valid") -> Valid | AR3: {=INDEX('Validity Result'!AV:AV,3*ROW('Validity Table'!AR2))} -> CLC2 | AS3: {=INDEX('Validity Result'!AZ:AZ,3*ROW('Validity Table'!AR2))} -> 0,875** | AT3: {=INDEX('Validity Result'!AZ:AZ,3*ROW('Validity Table'!AR2)+1)} -> 5.6920658e-18 | AU3: =IF(AT3<0.05,"Valid","Tidak Valid") -> Valid | AX3: {=INDEX('Validity Result'!BB:BB,3*ROW('Validity Table'!AX2))} -> LDM2 | AY3: {=INDEX('Validity Result'!BF:BF,3*ROW('Validity Table'!AX2))} -> 0,894** | AZ3: {=INDEX('Validity Result'!BF:BF,3*ROW('Validity Table'!AX2)+1)} -> 1.0188663e-19 | BA3: =IF(AZ3<0.05,"Valid","Tidak Valid") -> Valid | BD3: {=INDEX('Validity Result'!BH:BH,3*ROW('Validity Table'!BD2))} -> PCS2 | BE3: {=INDEX('Validity Result'!BL:BL,3*ROW('Validity Table'!BD2))} -> 0,772** | BF3: {=INDEX('Validity Result'!BL:BL,3*ROW('Validity Table'!BD2)+1)} -> 8.1424227e-12 | BG3: =IF(BF3<0.05,"Valid","Tidak Valid") -> Valid
H4: {=INDEX('Validity Result'!G:G,3*ROW('Validity Table'!H3))} -> CCC3 | I4: {=INDEX('Validity Result'!L:L,3*ROW('Validity Table'!H3))} -> 0,903** | J4: {=INDEX('Validity Result'!L:L,3*ROW('Validity Table'!H3)+1)} -> 1.1310427e-20 | K4: =IF(J4<0.05,"Valid","Tidak Valid") -> Valid | N4: {=INDEX('Validity Result'!N:N,3*ROW('Validity Table'!N3))} -> CC3 | O4: {=INDEX('Validity Result'!S:S,3*ROW('Validity Table'!N3))} -> 0,721** | P4: {=INDEX('Validity Result'!S:S,3*ROW('Validity Table'!N3)+1)} -> 7.5582278e-10 | Q4: =IF(P4<0.05,"Valid","Tidak Valid") -> Valid | T4: {=INDEX('Validity Result'!U:U,3*ROW('Validity Table'!T3))} -> PTIC3 | U4: {=INDEX('Validity Result'!Z:Z,3*ROW('Validity Table'!T3))} -> 0,853** | V4: {=INDEX('Validity Result'!Z:Z,3*ROW('Validity Table'!T3)+1)} -> 2.4429599e-16 | W4: =IF(V4<0.05,"Valid","Tidak Valid") -> Valid | AF4: {=INDEX('Validity Result'!AH:AH,3*ROW('Validity Table'!AF3))} -> PTC3 | AG4: {=INDEX('Validity Result'!AM:AM,3*ROW('Validity Table'!AF3))} -> 0,910** | AH4: {=INDEX('Validity Result'!AM:AM,3*ROW('Validity Table'!AF3)+1)} -> 1.6716479e-21 | AI4: =IF(AH4<0.05,"Valid","Tidak Valid") -> Valid | AL4: {=INDEX('Validity Result'!AO:AO,3*ROW('Validity Table'!AL3))} -> RHM3 | AM4: {=INDEX('Validity Result'!AT:AT,3*ROW('Validity Table'!AL3))} -> 0,747** | AN4: {=INDEX('Validity Result'!AT:AT,3*ROW('Validity Table'!AL3)+1)} -> 8.6617709e-11 | AO4: =IF(AN4<0.05,"Valid","Tidak Valid") -> Valid

Sheet Reliability Result
A1: Reliability Statistics
A2: Cronbach's Alpha | B2: N of Items
A3: 0.91987719 | B3: 2
A5: Reliability Statistics
A6: Cronbach's Alpha | B6: N of Items
A7: 0.93215282 | B7: 3
A9: Reliability Statistics
A10: Cronbach's Alpha | B10: N of Items
A11: 0.49715475 | B11: 3
A13: Reliability Statistics
A14: Cronbach's Alpha | B14: N of Items
A15: 0.79097276 | B15: 3
A17: Reliability Statistics
A18: Cronbach's Alpha | B18: N of Items
A19: 0.82770488 | B19: 2
A21: Reliability Statistics
A22: Cronbach's Alpha | B22: N of Items
A23: 0.83029709 | B23: 3
A25: Reliability Statistics
A26: Cronbach's Alpha | B26: N of Items
A27: 0.72369618 | B27: 3
A29: Reliability Statistics
A30: Cronbach's Alpha | B30: N of Items
A31: 0.66245181 | B31: 2
A33: Reliability Statistics
A34: Cronbach's Alpha | B34: N of Items
A35: 0.65253898 | B35: 2
A37: Reliability Statistics
A38: Cronbach's Alpha | B38: N of Items
A39: 0.5253078 | B39: 2

Sheet Reliability Table
A1: Variabel | B1: Cronbach's Alpha | C1: Keterangan
A2: AF | B2: {=INDEX('Reliability Result'!A:A,3*ROW('Reliability Table'!A1)+ROW('Reliability Table'!A1)-1)} -> 0.91987719 | C2: =IF(B2>0.6,"Reliabel","Tidak Reliabel") -> Reliabel
A3: CCC | B3: {=INDEX('Reliability Result'!A:A,3*ROW('Reliability Table'!A2)+ROW('Reliability Table'!A2)-1)} -> 0.93215282 | C3: =IF(B3>0.6,"Reliabel","Tidak Reliabel") -> Reliabel
A4: CC | B4: {=INDEX('Reliability Result'!A:A,3*ROW('Reliability Table'!A3)+ROW('Reliability Table'!A3)-1)} -> 0.49715475 | C4: =IF(B4>0.6,"Reliabel","Tidak Reliabel") -> Tidak Reliabel
A5: PTIC | B5: {=INDEX('Reliability Result'!A:A,3*ROW('Reliability Table'!A4)+ROW('Reliability Table'!A4)-1)} -> 0.79097276 | C5: =IF(B5>0.6,"Reliabel","Tidak Reliabel") -> Reliabel
A6: CDTE | B6: {=INDEX('Reliability Result'!A:A,3*ROW('Reliability Table'!A5)+ROW('Reliability Table'!A5)-1)} -> 0.82770488 | C6: =IF(B6>0.6,"Reliabel","Tidak Reliabel") -> Reliabel
A7: PTC | B7: {=INDEX('Reliability Result'!A:A,3*ROW('Reliability Table'!A6)+ROW('Reliability Table'!A6)-1)} -> 0.83029709 | C7: =IF(B7>0.6,"Reliabel","Tidak Reliabel") -> Reliabel
A8: RHM | B8: {=INDEX('Reliability Result'!A:A,3*ROW('Reliability Table'!A7)+ROW('Reliability Table'!A7)-1)} -> 0.72369618 | C8: =IF(B8>0.6,"Reliabel","Tidak Reliabel") -> Reliabel
A9: CLC | B9: {=INDEX('Reliability Result'!A:A,3*ROW('Reliability Table'!A8)+ROW('Reliability Table'!A8)-1)} -> 0.66245181 | C9: =IF(B9>0.6,"Reliabel","Tidak Reliabel") -> Reliabel
A10: LDM | B10: {=INDEX('Reliability Result'!A:A,3*ROW('Reliability Table'!A9)+ROW('Reliability Table'!A9)-1)} -> 0.65253898 | C10: =IF(B10>0.6,"Reliabel","Tidak Reliabel") -> Reliabel
A11: PCS | B11: {=INDEX('Reliability Result'!A:A,3*ROW('Reliability Table'!A10)+ROW('Reliability Table'!A10)-1)} -> 0.5253078 | C11: =IF(B11>0.6,"Reliabel","Tidak Reliabel") -> Tidak Reliabel

Sheet Descriptive
A1: Variabel | B1: Indikator | C1: Minimum | D1: Maximum | E1: Mean | F1: Std. Deviation
A2: Adequate Funding | B2: AF1 | C2: 1 | D2: 5 | E2: 4.52 | F2: 1.005
B3: AF2 | C3: 1 | D3: 5 | E3: 4.5 | F3: 0.947
A4: Client’s Competence and Commitment | B4: CCC1 | C4: 1 | D4: 5 | E4: 4.2 | F4: 1.139
B5: CCC2 | C5: 1 | D5: 5 | E5: 4.28 | F5: 1.14
B6: CCC3 | C6: 1 | D6: 5 | E6: 4.56 | F6: 0.904
A7: Contractor’s Competence | B7: CC1 | C7: 3 | D7: 5 | E7: 4.67 | F7: 0.549
B8: CC2 | C8: 2 | D8: 5 | E8: 4.24 | F8: 0.867
B9: CC3 | C9: 1 | D9: 5 | E9: 4.56 | F9: 0.793
A10: Project Team Integration and Communication | B10: PTIC1 | C10: 2 | D10: 5 | E10: 4.63 | F10: 0.623
B11: PTIC2 | C11: 3 | D11: 5 | E11: 4.69 | F11: 0.507
B12: PTIC3 | C12: 2 | D12: 5 | E12: 4.67 | F12: 0.644
A13: Consultant/ Design Team Expertise | B13: CDTE1 | C13: 2 | D13: 5 | E13: 4.59 | F13: 0.714
B14: CDTE2 | C14: 2 | D14: 5 | E14: 4.54 | F14: 0.665
A15: Project Team Commitment | B15: PTC1 | C15: 4 | D15: 5 | E15: 4.7 | F15: 0.461
B16: PTC2 | C16: 3 | D16: 5 | E16: 4.65 | F16: 0.555
B17: PTC3 | C17: 2 | D17: 5 | E17: 4.46 | F17: 0.77
A18: Risk and Hindrance Management | B18: RHM1 | C18: 1 | D18: 5 | E18: 4.41 | F18: 0.88
B19: RHM2 | C19: 1 | D19: 5 | E19: 4.41 | F19: 0.858
B20: RHM3 | C20: 1 | D20: 5 | E20: 4.28 | F20: 1.036
A21: Contractual and Legal Clarity | B21: CLC1 | C21: 2 | D21: 5 | E21: 4.48 | F21: 0.841
B22: CLC2 | C22: 1 | D22: 5 | E22: 4.39 | F22: 0.899
A23: Leadership and Decision-Making | B23: LDM1 | C23: 3 | D23: 5 | E23: 4.74 | F23: 0.483
B24: LDM2 | C24: 3 | D24: 5 | E24: 4.61 | F24: 0.596
A25: Planning and Control System | B25: PCS1 | C25: 1 | D25: 5 | E25: 4.56 | F25: 0.691
B26: PCS2 | C26: 3 | D26: 5 | E26: 4.63 | F26: 0.525
A27: Pemanfaatan Teknologi Digital dan Kecerdasan Buatan (AI) | B27: PTDKBAI | C27: 1 | D27: 5 | E27: 4.13 | F27: 0.912
A28: Kesiapan Tata Kelola Keberlanjutan (ESG Compliance) | B28: KTKKESGC | C28: 1 | D28: 5 | E28: 4.31 | F28: 0.748
A29: Fleksibilitas Kontrak dalam Menghadapi Perubahan Regulasi | B29: FKMPR | C29: 1 | D29: 5 | E29: 4.19 | F29: 0.913
A30: Responsivitas terhadap Isu Sosial dan Budaya Lokal | B30: RISBL | C30: 3 | D30: 5 | E30: 4.39 | F30: 0.627
A31: Tingkat Adopsi E-Procurement Terintegrasi | B31: TAEPT | C31: 1 | D31: 5 | E31: 4.26 | F31: 0.782
A32: Keamanan Siber pada Sistem Proyek | B32: KSSP | C32: 1 | D32: 5 | E32: 4.22 | F32: 0.793
A33: Ketahanan Rantai Pasok Material Lokal | B33: KRPML | C33: 3 | D33: 5 | E33: 4.35 | F33: 0.677
A34: Kecepatan Respons terhadap Perubahan Desain di Lapangan | B34: KRPDL | C34: 3 | D34: 5 | E34: 4.61 | F34: 0.564
A35: Peningkatan Kompetensi Tim Proyek melalui Sertifikasi Digital | B35: PKTPSD | C35: 1 | D35: 5 | E35: 4.15 | F35: 0.856
A36: Kolaborasi Lintas BUMN dan Stakeholder Pemerintah Daerah | B36: KLBUMNSPD | C36: 2 | D36: 5 | E36: 4.31 | F36: 0.748
